Date,SPY,BND
2005-01-16,-0.0016882183497622938,
2005-01-23,-0.012347982243444688,
2005-01-30,0.005566197753279489,
2005-02-06,0.023844284668578908,
2005-02-13,0.004491074132035866,
2005-02-20,-0.0031461032572921432,
2005-02-27,0.008638410538456265,
2005-03-06,0.01070562724568247,
2005-03-13,-0.019065941876568293,
2005-03-20,-0.011499176776787023,
2005-03-27,-0.011810915798243005,
2005-04-03,0.0024756121278237675,
2005-04-10,0.004854049905969715,
2005-04-17,-0.03262717362568657,
2005-04-24,0.012439827128837289,
2005-05-01,0.0015574510175191403,
2005-05-08,0.011576975009770507,
2005-05-15,-0.01170054405160148,
2005-05-22,0.02938119180477683,
2005-05-29,0.009486246818766197,
2005-06-05,-0.0008309531205115128,
2005-06-12,0.000415494853997167,
2005-06-19,0.013725915699668523,
2005-06-26,-0.019611241567132898,
2005-07-03,0.004622037996026007,
2005-07-10,0.014976006751394877,
2005-07-17,0.012528707509819048,
2005-07-24,0.005698374691725849,
2005-07-31,0.0016186621154907765,
2005-08-07,-0.006949821821697233,
2005-08-14,0.0014651030766619222,
2005-08-21,-0.004794281919632937,
2005-08-28,-0.013962922671640343,
2005-09-04,0.012504258403984059,
2005-09-11,0.019056258021585393,
2005-09-18,-0.0046091353547620395,
2005-09-25,-0.01668009442097329,
2005-10-02,0.013175086368818034,
2005-10-09,-0.027877140797063826,
2005-10-16,-0.007859382633427336,
2005-10-23,-0.0045498814931617115,
2005-10-30,0.014136808345975638,
2005-11-06,0.01928199935683894,
2005-11-13,0.013513003080157127,
2005-11-20,0.011069092573323225,
2005-11-27,0.015983812030947453,
2005-12-04,-0.0022022466947457797,
2005-12-11,-0.004099616158308894,
2005-12-18,0.0055396001822340946,
2005-12-25,0.003165562496881158,
2006-01-01,-0.017749509864991575,
2006-01-08,0.03156334408619088,
2006-01-15,0.0018685440921528684,
2006-01-22,-0.02106028646950231,
2006-01-29,0.020401890121553024,
2006-02-05,-0.017659939473017583,
2006-02-12,0.0029300611903149143,
2006-02-19,0.01713547635080581,
2006-02-26,0.0046583725352438154,
2006-03-05,-0.005023248947124137,
2006-03-12,-0.0013202916519094998,
2006-03-19,0.019826161597924052,
2006-03-26,-0.0031386705747161736,
2006-04-02,-0.0029185637797486397,
2006-04-09,-0.00223367456555279,
2006-04-16,-0.006407218840795426,
2006-04-23,0.018957368326309343,
2006-04-30,0.002439954315032633,
2006-05-07,0.007986828273872426,
2006-05-14,-0.02475126787870141,
2006-05-21,-0.01655863109485678,
2006-05-28,0.010071161819906305,
2006-06-04,0.0048294881743358165,
2006-06-11,-0.02829498483476023,
2006-06-18,-0.0011888950980818436,
2006-06-25,-0.0016842965007206612,
2006-07-02,0.02282175797074304,
2006-07-09,-0.005264064494654774,
2006-07-16,-0.02440540422305182,
2006-07-23,0.003481262988119127,
2006-07-30,0.03251333240001286,
2006-08-06,0.001718527326928676,
2006-08-13,-0.009281854474696982,
2006-08-20,0.028973956604608775,
2006-08-27,-0.006733333731359092,
2006-09-03,0.012402602921988581,
2006-09-10,-0.008674531952497233,
2006-09-17,0.01734996546945311,
2006-09-24,-0.0037135584226062335,
2006-10-01,0.016049534884320815,
2006-10-08,0.010705119352501402,
2006-10-15,0.011999285850379904,
2006-10-22,0.0015368522613374846,
2006-10-29,0.007819514531876237,
2006-11-05,-0.00993415129896813,
2006-11-12,0.012450772238286945,
2006-11-19,0.015769143157095877,
2006-11-26,-0.0004979120808821236,
2006-12-03,-0.0009264686816711221,
2006-12-10,0.0085580403512453,
2006-12-17,0.012113045185099258,
2006-12-24,-0.0111700813481459,
2006-12-31,0.006181317513217488,
2007-01-07,-0.007626434186979281,
2007-01-14,0.019211873652217992,
2007-01-21,-0.0029323312268739743,
2007-01-28,-0.004831373153732055,
2007-02-04,0.018855858939495374,
2007-02-11,-0.00600749007048329,
2007-02-18,0.012435932383482395,
2007-02-25,-0.0029507705154709907,
2007-03-04,-0.04562996982384959,
2007-03-11,0.01521625251446368,
2007-03-18,-0.012079744087811983,
2007-03-25,0.03508320908209406,
2007-04-01,-0.009694619815926009,
2007-04-08,0.01577522321863012,
2007-04-15,0.007487628630571175,
2007-04-22,0.02270807174366163,0.0046715582980443315
2007-04-29,0.006123001268223405,-0.000265459928920575
2007-05-06,0.00929596450551351,0.0030166616416642533
2007-05-13,-0.0003972681851809323,-0.0007964022956173933
2007-05-20,0.011665733927125554,-0.004516819405261829
2007-05-27,-0.0060928342888826315,-0.0010670757354761529
2007-06-03,0.01575504354660895,-0.003507445165688128
2007-06-10,-0.019729524431999268,-0.006725965989875515
2007-06-17,0.01780789922629422,0.0
2007-06-24,-0.016463356901328385,0.0008123008224452111
2007-07-01,-0.0007966552807228133,0.005141984484082096
2007-07-08,0.0169514250400995,-0.005631513799165266
2007-07-15,0.012224313313526691,0.004074426730841463
2007-07-22,-0.008719099457304647,0.005546311702717688
2007-07-29,-0.05465759385947455,0.004169839733068059
2007-08-05,-0.00902747359395184,0.005698680986708116
2007-08-12,0.006327718467221022,-0.005083002947461557
2007-08-19,0.0,0.0064523470367428
2007-08-26,0.025015923223700165,0.002271019287322762
2007-09-02,-0.004988681796309624,0.006529719870925543
2007-09-09,-0.010298873750561599,0.007629144621067452
2007-09-16,0.019374038606525534,-0.003429321554868303
2007-09-23,0.025459757302761066,-0.0009270190724820493
2007-09-30,0.004013718349501039,0.002782552252228232
2007-10-07,0.021431907540573558,-0.0007550910691606072
2007-10-14,0.0030796368720338307,0.0
2007-10-21,-0.04260219946680088,0.012474239935351239
2007-10-28,0.02639087448498678,0.0007864731258628854
2007-11-04,-0.015752744507192662,0.0036276196208437916
2007-11-11,-0.04007911329912095,-0.0005233708241182411
2007-11-18,0.004477953118394273,0.002359421642395887
2007-11-25,-0.011385659860603803,0.004837275570269917
2007-12-02,0.03142955040366546,0.005855723708035887
2007-12-09,0.015135129980079487,-0.006273720409565753
2007-12-16,-0.024782623858317088,-0.004443369359841798
2007-12-23,0.011864705256868557,0.004200732749003233
2007-12-30,-0.0056032880162453225,0.00644133992435969
2008-01-06,-0.04066538209409509,0.010818391739409572
2008-01-13,-0.008208795888026366,0.002837461500236671
2008-01-20,-0.05772387038543314,0.006556919063665401
2008-01-27,0.0074209898266690555,0.004727136584189218
2008-02-03,0.04915824391271806,-0.0004961299554303578
2008-02-10,-0.04663985277491023,-0.006129702995713027
2008-02-17,0.015555399798431013,-0.007966206643372775
2008-02-24,0.0035518912271259584,-0.002589273750153609
2008-03-02,-0.013272055915709235,0.014412973938850326
2008-03-09,-0.030712812888981866,-0.011678501536881991
2008-03-16,-0.0007713662267284649,0.0063688396818208926
2008-03-23,0.024102680054809644,0.007751663220524785
2008-03-30,-0.0043154965646264865,-0.001794879979489017
2008-04-06,0.0409089057135299,0.000514981927623559
2008-04-13,-0.02564073689674684,0.003350586530441735
2008-04-20,0.03823631083767709,-0.012071807424286263
2008-04-27,0.00808777760615298,-0.002599703792478092
2008-05-04,0.013682397725474527,0.008618613337803227
2008-05-11,-0.018444510355616783,0.004021100552433099
2008-05-18,0.02707018849578402,-0.002195918217836712
2008-05-25,-0.035188579070606796,0.0023305246841256455
2008-06-01,0.019689086514469212,-0.011755857626601696
2008-06-08,-0.02892765250124829,0.004487233495555909
2008-06-15,-0.001027392478513578,-0.018025127146894193
2008-06-22,-0.028731608595588765,0.007050227261873765
2008-06-29,-0.030780050593687158,0.0038305986754216814
2008-07-06,-0.009566067637581832,-6.582422084699946e-05
2008-07-13,-0.019555605432428957,0.0027737443073063694
2008-07-20,0.017280499693730578,-0.008167269277565836
2008-07-27,-0.003968742448137608,0.00026588327296450665
2008-08-03,0.005419131214177142,0.010549137401019815
2008-08-10,0.025443701000751995,-0.0013182123037064342
2008-08-17,0.006184002804302091,0.0033016106531740252
2008-08-24,-0.003994747025901635,0.0006590975200517768
2008-08-31,-0.006633348707798414,0.00394732795035746
2008-09-07,-0.03393121928273568,0.0058930775861809614
2008-09-14,0.013422727494553977,0.0049702572021508296
2008-09-21,-0.009926241543633862,-0.002993060110871526
2008-09-28,-0.02634526412120597,-0.006395513884747461
2008-10-05,-0.08696757814223577,0.0018552233376452065
2008-10-12,-0.19793304648310117,-0.07935273218472139
2008-10-19,0.05321929552270599,0.05403077645769905
2008-10-26,-0.0661942280791884,0.004882542550250779
2008-11-02,0.11247685801522711,-0.013090504947546489
2008-11-09,-0.03067228246188547,0.024303471147366418
2008-11-16,-0.07713679853863542,0.002814401607317052
2008-11-23,-0.0819662347877389,-0.004144078459557443
2008-11-30,0.13292300249067246,0.015973809347754386
2008-12-07,-0.023976585999113897,0.004191169534372818
2008-12-14,0.012055232526150483,0.004622675535921772
2008-12-21,-0.000945489795033172,0.01985314806429961
2008-12-28,-0.011679273100922538,0.012298433519116525
2009-01-04,0.06654459266870161,0.0057521278767413975
2009-01-11,-0.04163104366764292,-0.005591863980786704
2009-01-18,-0.04523507314428932,0.0022997354113767354
2009-01-25,-0.0229244776272991,-0.010966218620552692
2009-02-01,-0.0033699465316294752,-0.0029658433964452335
2009-02-08,0.05010313998351901,-0.003127930565822834
2009-02-15,-0.04851693197416318,0.0020838581449837967
2009-02-22,-0.06452412162672794,0.00012997549176141376
2009-03-01,-0.04507833491198432,-0.004937013315227223
2009-03-08,-0.06776733339481289,-0.001507662817640698
2009-03-15,0.10403393990475851,0.0009184494698390999
2009-03-22,0.015363937077173873,0.00957153661789989
2009-03-29,0.06387687148924859,-0.0003889873756743878
2009-04-05,0.03247171036531804,-0.002903337918990001
2009-04-12,0.018395301642759154,0.006538071113228572
2009-04-19,0.014800278031078307,-0.0016890530934411396
2009-04-26,-0.00482271546864943,0.005076890115597532
2009-05-03,0.014192576561268044,-0.001716520124026455
2009-05-10,0.05791369094060839,0.0039054851013189396
2009-05-17,-0.045924042250640285,0.006092921235570925
2009-05-24,0.003494892004567429,-0.0032209030849567055
2009-05-31,0.03942851271553627,0.0016800786175943383
2009-06-07,0.021831249230355843,-0.012589098344894079
2009-06-14,0.0056054573150423614,0.005640273084263292
2009-06-21,-0.026504549521689902,0.0010433126596613995
2009-06-28,-0.0021733303713966645,0.012117091960412107
2009-07-05,-0.02210376086158017,-7.765550555605127e-05
2009-07-12,-0.020598814509856234,0.008784689564255377
2009-07-19,0.07014563280176778,-0.007811103333847602
2009-07-26,0.041750729523524654,0.004129221686026918
2009-08-02,0.007647868632457033,0.008226988349835151
2009-08-09,0.024188442095286478,-0.012662958843159045
2009-08-16,-0.004051651714493842,0.015156947992768899
2009-08-23,0.02162936921791614,0.0007652167514240471
2009-08-30,0.0039817059995679305,0.0051012207811327315
2009-09-06,-0.012768564096493962,0.002424669798571477
2009-09-13,0.026553403525826358,0.005460873497022289
2009-09-20,0.023463563242020147,-0.001010645625040496
2009-09-27,-0.02127062365779797,0.004551558584820814
2009-10-04,-0.018764902536162142,0.001992784685463933
2009-10-11,0.046541379495218305,-0.004535812084153434
2009-10-18,0.015196969074273481,0.00050593394547227
2009-10-25,-0.007438937213449348,-0.0006319597701122115
2009-11-01,-0.041820871461257236,0.0059487661187795915
2009-11-08,0.03447285948202361,-0.0017287438596523819
2009-11-15,0.02324267736382235,0.005438163128880236
2009-11-22,-0.0017333738956228917,0.0027657402042049473
2009-11-29,0.0012794997865939184,0.007023862087082167
2009-12-06,0.013142134526281657,-0.008431094594965494
2009-12-13,0.0009004851685909809,0.0007560957048586836
2009-12-20,-0.0027596431119917275,0.0012593113110588305
2009-12-27,0.020596851647896264,-0.010939575234714005
2010-01-03,-0.009245795602021545,0.002359332991984875
2010-01-10,0.02808681831045745,0.00394431554524366
2010-01-17,-0.008117539631400383,0.00494354765823557
2010-01-24,-0.03898300476696326,0.002648235239842256
2010-01-31,-0.01666468727696857,0.0012583137199491112
2010-02-07,-0.006797547296130357,0.0028731953410157107
2010-02-14,0.012938161596956821,-0.004398131978113895
2010-02-21,0.028693141787753396,-0.002398120062628406
2010-02-28,-0.0035990129962829576,0.007211032196170253
2010-03-07,0.03169562301740059,0.0011846859508544139
2010-03-14,0.010590776779829447,-0.0015101010817980542
2010-03-21,0.008553586001845304,0.002394023525764677
2010-03-28,0.00526016411655994,-0.005028138117355474
2010-04-04,0.010464320979825414,0.00044074928152593174
2010-04-11,0.0148560637792845,0.00012661409742276142
2010-04-18,-0.0015892677960406276,0.005953361271630042
2010-04-25,0.020526191621291323,-0.0008806340257098144
2010-05-02,-0.02462853697690226,0.005797693202833409
2010-05-09,-0.06354733216146602,0.004235197012528946
2010-05-16,0.023638524939687988,0.002753361253138964
2010-05-23,-0.04197017942561543,0.0072389992441612705
2010-05-30,0.0023833292041404164,-0.0029736098825009494
2010-06-06,-0.02331581778756686,0.0015455839328346599
2010-06-13,0.026773899920383037,0.0002490323245167847
2010-06-20,0.023537781543766956,0.0032351776845169766
2010-06-27,-0.03454747897080679,0.004961917260532633
2010-07-04,-0.05256352274374365,0.00430742700452269
2010-07-11,0.056360266307939666,-0.0006155662548729124
2010-07-18,-0.012041691556736067,0.005548514554698958
2010-07-25,0.035158909850547815,-0.0004910627179746108
2010-08-01,-0.001268538112805584,0.004294988454096371
2010-08-08,0.019225742328877304,0.005048212277770414
2010-08-15,-0.03630246726457065,0.0025593733597006896
2010-08-22,-0.007201353190756321,0.0026760336168825116
2010-08-29,-0.006230789019291749,-0.000970466064019404
2010-09-05,0.03771295371257577,-0.0007964290643512895
2010-09-12,0.005320421532327035,-0.003532915875413156
2010-09-19,0.0144621382108292,0.002445335338704613
2010-09-26,0.020712935054703063,0.0031707404884766532
2010-10-03,-0.0018289120980491402,0.004046077322103603
2010-10-10,0.016839646493995275,0.005584286381860704
2010-10-17,0.009953644718311727,-0.005915987922540222
2010-10-24,0.0055224505375670585,0.0034017671149766393
2010-10-31,0.0011830777076833332,0.0009669760514883219
2010-11-07,0.03569931715746644,0.001674588898161522
2010-11-14,-0.02053445348578309,-0.009321632742234964
2010-11-21,0.0007486170531467717,-0.000977382051168263
2010-11-28,-0.01238677499328289,0.0007334055721086585
2010-12-05,0.03442748092249004,-0.004291456370803859
2010-12-12,0.012938497716105335,-0.011445814768401341
2010-12-19,0.003805625668183099,0.0014933383093915786
2010-12-26,0.010458437818619881,-0.0004971610115220848
2011-01-02,0.001194228307884515,0.005675895528201247
2011-01-09,0.011053575254318826,-0.0008723514049935321
2011-01-16,0.016989329824640853,0.00149656447059332
2011-01-23,-0.007192586477980711,-0.0014943281122331564
2011-01-30,-0.005063425841459468,0.003117183047122385
2011-02-06,0.02685535348084489,-0.01115266664768988
2011-02-13,0.014944541766346076,-0.00037832237406576485
2011-02-20,0.010667932830699334,0.004414610844451827
2011-02-27,-0.01635289570944254,0.007407322127561677
2011-03-06,0.0010579213247814412,-0.0017288176157136403
2011-03-13,-0.012304711444910299,0.005507556771152222
2011-03-20,-0.019298192379946788,0.004730666602811517
2011-03-27,0.027707981907663548,-0.006567288221202894
2011-04-03,0.014089843235450372,-0.0007693144358976722
2011-04-10,-0.0021779954335755525,-0.003379149682419036
2011-04-17,-0.0061718786476741005,0.00816352771518103
2011-04-24,0.013177904080489133,0.002117591645210304
2011-05-01,0.019808701633659886,0.006464645666717006
2011-05-08,-0.016345803808024084,0.005610848153324133
2011-05-15,-0.0011919568399587632,0.0
2011-05-22,-0.0032079729176812677,0.0016012475233673218
2011-05-29,-0.0007485139828805609,0.0033202513252108545
2011-06-05,-0.02314390161555957,0.0037322615279842264
2011-06-12,-0.021622943031101127,0.0014695420905126433
2011-06-19,0.0006261414850337044,0.000489200109887511
2011-06-26,-0.0018891806991785387,0.0026891419930183957
2011-07-03,0.05606840769528754,-0.010395108100523687
2011-07-10,0.0035840899079504496,0.0070385391927028085
2011-07-17,-0.020163590504455375,0.003310440787183788
2011-07-24,0.021945283128174564,0.0002450691425210927
2011-07-31,-0.039010346158863785,0.005131642832353567
2011-08-07,-0.07152198085149508,0.007691224455844914
2011-08-14,-0.01632272094635867,0.009677035556009184
2011-08-21,-0.04639345785894722,0.006229898800750755
2011-08-28,0.04731887753621056,-0.007024316974235001
2011-09-04,-0.0010171682308571794,0.007007990699092748
2011-09-11,-0.016376512319922654,0.001313563879328683
2011-09-18,0.05373230593236533,-0.004173113695236208
2011-09-25,-0.06566807277706199,0.006224535430695788
2011-10-02,-0.0034349192365114023,-0.003686864092782405
2011-10-09,0.02262476510757594,-0.005340571113484627
2011-10-16,0.05928627925688135,-0.002767909782059652
2011-10-23,0.01142208183911353,0.0030178294453910848
2011-10-30,0.03734785689915632,0.0018054587691567203
2011-11-06,-0.02426139259285154,0.010223414712046353
2011-11-13,0.009403787123478446,-0.003575231538378132
2011-11-20,-0.036949227594681444,0.0003588197876156496
2011-11-27,-0.04623731465159009,0.0004788764245329258
2011-12-04,0.0732336125152484,-0.0006747178998454118
2011-12-11,0.009530770895276541,0.0
2011-12-18,-0.02926537872610757,0.007793821523877531
2011-12-25,0.039477298648118886,-0.0019426756111503574
2012-01-01,-0.0070414556293981745,0.003002210137675876
2012-01-08,0.017609257197239936,-0.00239430516393091
2012-01-15,0.008848111836280426,0.0043198732566265274
2012-01-22,0.0241384768296804,-0.0039427372873617195
2012-01-29,-0.000984977917610097,0.006357188567065242
2012-02-05,0.020633820571538397,0.0012379046893165047
2012-02-12,-0.0013374548287754529,-0.0011935386288783878
2012-02-19,0.015257315151099737,-0.002270133242059824
2012-02-26,0.003812027118247796,0.003951276699050599
2012-03-04,0.002775433124937443,0.001133886481340829
2012-03-11,0.001893484370764531,-0.0026263072808755394
2012-03-18,0.02431359906313535,-0.008022648430414558
2012-03-25,-0.004632981506720979,0.0037412179478677476
2012-04-01,0.00830608759970941,0.0014435310890135167
2012-04-08,-0.007243269268993879,0.0009156395376064275
2012-04-15,-0.018956998150664428,0.00758350495972504
2012-04-22,0.005906304246277028,0.0002389611312263451
2012-04-29,0.01768747571251361,0.0016717861035515647
2012-05-06,-0.02414659492381832,0.003105508322482242
2012-05-13,-0.010146175512692035,0.0001190520917317972
2012-05-20,-0.0432859501702646,0.0016679471954530456
2012-05-27,0.01819007830174124,-0.0007144521668180914
2012-06-03,-0.02982565503018353,0.009243175543320659
2012-06-10,0.038545170759264114,-0.005436455657902961
2012-06-17,0.013036102297658836,0.0030893304653885068
2012-06-24,-0.005069487754777113,-0.003435029984740101
2012-07-01,0.019780742543139107,0.0029721112418394924
2012-07-08,-0.0044820228646965665,0.004478030341527717
2012-07-15,0.0019191731787779887,0.003429000297608731
2012-07-22,0.005303958472264947,0.003534524217568835
2012-07-29,0.016193760950292457,-0.00211317902217234
2012-08-05,0.004831402514293703,-4.258524262146235e-05
2012-08-12,0.010692702363962914,-0.001296450819943451
2012-08-19,0.009514194415367161,-0.005314019320168173
2012-08-26,-0.004712400286264962,0.005817185909689382
2012-09-02,-0.0024732117857447777,0.005429087163019819
2012-09-09,0.022456913206749363,-0.003011487126052703
2012-09-16,0.020162252541951586,-0.005428334474046781
2012-09-23,-0.004016273309793927,0.005220294607824361
2012-09-30,-0.013025589402809845,0.005075729857678235
2012-10-07,0.015072930453227551,-0.0023071110669355965
2012-10-14,-0.022238733854246573,0.0025959277349847376
2012-10-21,0.0034989423749691717,-0.0037646746567410183
2012-10-28,-0.01422694300015992,0.0008259173622289229
2012-11-04,0.0014855423325288442,0.0004721297711856032
2012-11-11,-0.02401769453610636,0.0012974138850698758
2012-11-18,-0.012956269499625694,0.0005883937016870622
2012-11-25,0.036518308407161415,-0.0023540368890977437
2012-12-02,0.0056598623516233015,0.0022424842379435983
2012-12-09,0.00182891100976601,0.000437048498338255
2012-12-16,-0.002176456122534809,-0.003185079244368172
2012-12-23,0.011981678108623939,-0.00023572322298248682
2012-12-30,-0.01932874707542842,-0.004851223245554426
2013-01-06,0.04527620858363046,-0.003923437834062904
2013-01-13,0.004782474090403888,0.0005969554537921251
2013-01-20,0.008567375365283958,0.0010735053426877972
2013-01-27,0.01294403695523938,-0.004051685618983947
2013-02-03,0.006588966093425741,-0.004360639026234514
2013-02-10,0.003702933074762438,0.00409404693587323
2013-02-17,0.002042343176273498,-0.0016791229999242319
2013-02-24,-0.0014467087674772117,0.0018025027165200491
2013-03-03,0.0014488047660345948,0.0045089184689530715
2013-03-10,0.021892077100852392,-0.006696793190653527
2013-03-17,0.006967368444154021,0.0018056727649520266
2013-03-24,-0.0014754663091247622,0.002764992747900097
2013-03-31,0.00687610527665905,0.0023969980865659046
2013-04-07,-0.009638151156568409,0.007271265512305947
2013-04-14,0.023459590703914346,-0.0005957152389945986
2013-04-21,-0.020906632524757884,0.001073495345684794
2013-04-28,0.017751832914974397,0.0015476717176023946
2013-05-05,0.01977991847412275,-0.002002987000702783
2013-05-12,0.012641516059680669,-0.004177530298760224
2013-05-19,0.021602479810324482,-0.002517325194636766
2013-05-26,-0.009764397926702695,-0.002643381153777602
2013-06-02,-0.011251361507885305,-0.007229305021084986
2013-06-09,0.008259496389709575,-0.002857647823331755
2013-06-16,-0.009830643088529212,0.0014631783298375556
2013-06-23,-0.020028309953535106,-0.020457259735004563
2013-06-30,0.008486456706113144,0.005469373616846962
2013-07-07,0.01620753347253001,-0.009948020491166165
2013-07-14,0.027542656294841317,0.008508638383213807
2013-07-21,0.009910187860297404,0.0074454930347553905
2013-07-28,-0.0003548616437869523,-0.002463036285718756
2013-08-04,0.01088060048237005,-0.0012875011609845277
2013-08-11,-0.00959352369981159,0.0029728837115181594
2013-08-18,-0.020553749769637086,-0.011981300168648179
2013-08-25,0.004763112493782362,0.0
2013-09-01,-0.017824412451072025,0.0021255989986690427
2013-09-08,0.014603900427382355,-0.006614212692625854
2013-09-15,0.019814793837465094,0.00453071029392671
2013-09-22,0.013123306037899907,0.008895537039899981
2013-09-29,-0.010602240729013612,0.0037247868164955733
2013-10-06,-0.0001185282989668579,-0.00010028347747492727
2013-10-13,0.008111651684106658,0.0003720917337945995
2013-10-20,0.02425728987764808,0.00656956800907893
2013-10-27,0.008945156654503572,0.0035709571687583264
2013-11-03,0.0014778206144543393,-0.003920275493793146
2013-11-10,0.00612893793373126,-0.005184893461500084
2013-11-17,0.015567891223020824,0.004591632989647376
2013-11-24,0.00422099518684016,-0.0006176512487342523
2013-12-01,0.0010508655486474172,0.0009892988509141443
2013-12-08,-0.0003309986381263563,-0.004517431642642733
2013-12-15,-0.0156410018466695,-0.00012500796137249193
2013-12-22,0.024904484136927696,0.0018653818158038682
2013-12-29,0.01261246682733641,-0.004837793617264996
2014-01-05,-0.005221593033925109,0.0022506223605638365
2014-01-12,0.006835010364371286,0.005616840229007547
2014-01-19,-0.0027151788136274835,0.0026054668966974948
2014-01-26,-0.025866113130065704,0.0035896278124514236
2014-02-02,-0.003968989460797712,0.00259040746820971
2014-02-09,0.008418738958259508,0.00038190259496362344
2014-02-16,0.02415387621573628,-0.0011093490079941981
2014-02-23,-0.0007062129590383881,0.001110581029958091
2014-03-02,0.013051085739760326,0.004313443806228445
2014-03-09,0.010575237797137316,-0.0053860480674068345
2014-03-16,-0.019122850660017843,0.004944911667010166
2014-03-23,0.012789851780995232,-0.002952601119708076
2014-03-30,-0.00381288919267897,0.0017273230289218677
2014-04-06,0.004905752265257801,0.0007408443276837318
2014-04-13,-0.026233547342425334,0.006045238585416168
2014-04-20,0.026885160091066895,-0.002820130280264177
2014-04-27,-0.0005362304763540937,0.002459075168963043
2014-05-04,0.009501511969254528,0.005134664454245597
2014-05-11,-0.0005321645801757979,-0.0003660470819649708
2014-05-18,0.00047871556563916506,0.005260736133578581
2014-05-25,0.01223139213615232,-0.000364789886800887
2014-06-01,0.01224030965250944,0.002435096164894235
2014-06-08,0.014012763707561326,-0.003785770454720838
2014-06-15,-0.006397907211583287,-0.00012215729520337337
2014-06-22,0.014160229023849835,-0.00024487047640586734
2014-06-29,-0.0006125385734007116,0.004155925199134325
2014-07-06,0.012154099965057785,-0.00497867889865955
2014-07-13,-0.008021994534236132,0.005762238495073513
2014-07-20,0.005594697028150408,0.0008534573761198594
2014-07-27,5.0556517102284815e-05,0.0007299862431957571
2014-08-03,-0.026400935464808817,-0.000941239079431111
2014-08-10,0.0038440808696760254,0.002563113405422479
2014-08-17,0.012833920379932584,0.004261478084409465
2014-08-24,0.017729469876268444,-0.0025462968226183103
2014-08-31,0.007631043325715181,0.00376823474113408
2014-09-07,0.0019925899691095594,-0.0037742675397614
2014-09-14,-0.009845214516961853,-0.0065780989600768836
2014-09-21,0.012595735770908112,0.0011034018672864132
2014-09-28,-0.01395186754320088,0.0025723560689863145
2014-10-05,-0.006972313429810639,0.003927770822508947
2014-10-12,-0.030429705254006234,0.006828065306237141
2014-10-19,-0.01086419301726771,0.00411767887688308
2014-10-26,0.04223502228268905,-0.003014598146472647
2014-11-02,0.02662544557384927,-0.0036301345190972167
2014-11-09,0.008330369674451887,0.0016186305982148763
2014-11-16,0.004426574425637764,-0.0007282190038768732
2014-11-23,0.011946421439189336,0.002309692468017932
2014-11-30,0.002515870304582002,0.005093755138349421
2014-12-07,0.0038609938491454,-0.005126798102927932
2014-12-14,-0.034182670814706495,0.007535163082531993
2014-12-21,0.03369914007717001,-0.0013270033417073224
2014-12-28,0.00929707788789691,-0.003625496169261
2015-01-04,-0.014440617664753685,0.006576335307161507
2015-01-11,-0.005743852176708253,0.006533817685820509
2015-01-18,-0.012827560749073208,0.006010123611939422
2015-01-25,0.01656481382061248,0.00047745706141544275
2015-02-01,-0.026930574339433022,0.007404696936079924
2015-02-08,0.030583957519612515,-0.01247341039302452
2015-02-15,0.020579026703899217,-0.003969600140418805
2015-02-22,0.006959702777241006,-0.0018110679805272145
2015-03-01,-0.0027458343869353197,0.005202391222119296
2015-03-08,-0.015000403650469618,-0.009623952960887805
2015-03-15,-0.008048193973586693,0.005966668191514701
2015-03-22,0.026814558848291536,0.008594734531643056
2015-03-29,-0.022194630832111484,-0.0016802822307561138
2015-04-05,0.0034021095968235215,0.004946464397833195
2015-04-12,0.01743856038755509,-0.0019176793967803363
2015-04-19,-0.009950922221379943,0.00444524996834561
2015-04-26,0.01779313002108074,-0.002512716359175493
2015-05-03,-0.004393939590914164,-0.008889901566477731
2015-05-10,0.004271089527395411,-0.0010914187534385444
2015-05-17,0.0038749083238280857,-0.000970629944946122
2015-05-24,0.0025887569493889817,-0.003279234064523906
2015-05-31,-0.008685912714560873,0.0034125243492568735
2015-06-07,-0.00648841508967446,-0.011974962398038191
2015-06-14,0.001144051200466789,0.00012350010254058574
2015-06-21,0.008692295060775068,0.005172628921570999
2015-06-28,-0.004696458588277608,-0.008454027253449237
2015-07-05,-0.011962547546380597,0.004114215662900822
2015-07-12,0.0008202320741648172,-0.0007388530927835424
2015-07-19,0.024098578752134614,0.00246709343817364
2015-07-26,-0.02108437305998978,0.003816220887727706
2015-08-02,0.01201929975590521,0.0031879152055949156
2015-08-09,-0.01211425292896473,-1.2583135723831518e-05
2015-08-16,0.007069244004354047,-0.0011015811643545481
2015-08-23,-0.055343515110097274,0.0060080831633249066
2015-08-30,0.007329922742193462,-0.005972201678969391
2015-09-06,-0.033571171690090496,0.003541211804354738
2015-09-13,0.021548556597128732,-0.0026939281988294095
2015-09-20,-0.0013923433548775899,0.003929008104190279
2015-09-27,-0.01330228976368708,-0.003302418859051248
2015-10-04,0.011148430853813673,0.009628994369949018
2015-10-11,0.03246123412851376,-0.004262981552292988
2015-10-18,0.009636045093891266,0.0036690198222468773
2015-10-25,0.020859065288236556,-0.0006085823334945895
2015-11-01,0.0020241371950020515,-0.002804273523648537
2015-11-08,0.010147317062434436,-0.008833535099926015
2015-11-15,-0.03570752322990578,0.0023481542807768374
2015-11-22,0.03342559616674379,0.0017269662520627005
2015-11-29,0.001194459726699737,0.0013539247291862733
2015-12-06,0.00028632139403161894,-0.0017608445019151597
2015-12-13,-0.036923674565858655,0.004195757595216065
2015-12-20,-0.0033170267623627847,-0.0025805554340784242
2015-12-27,0.02829722588357031,-0.001598937117862631
2016-01-03,-0.008800311553358031,-0.0004951302721767359
2016-01-10,-0.0586156749389819,0.006562688252446991
2016-01-17,-0.02141515248201864,0.0013529725520728952
2016-01-24,0.014429378049916286,-0.0011054357762532163
2016-01-31,0.016796271710743937,0.005165212655583007
2016-02-07,-0.02978529330524704,0.001888318731845473
2016-02-14,-0.00702335984410507,0.003549513205568511
2016-02-21,0.028773283170147268,0.00036527548173048707
2016-02-28,0.016094474978070927,0.002072902942468202
2016-03-06,0.027371733056663405,-0.003353923481283494
2016-03-13,0.011625034147963564,-0.0004891173279142347
2016-03-20,0.013188638902157601,0.008199269861731251
2016-03-27,-0.006165323899854913,-0.0010926903516401687
2016-04-03,0.018708241794873626,0.007329495538864972
2016-04-10,-0.011695130836346768,0.0037464706464718223
2016-04-17,0.016039195896399683,0.00036237318327336787
2016-04-24,0.005727154675876811,-0.004093376846787455
2016-05-01,-0.012633498172524682,0.002901234850900103
2016-05-08,-0.0029564287134999923,0.0027045531019582736
2016-05-15,-0.004666314714898534,0.002168292254375759
2016-05-22,0.003565021737124363,-0.006490003634997077
2016-05-29,0.023115320691075247,0.0007256227240757251
2016-06-05,0.00019033156647330074,0.009433860767359636
2016-06-12,-0.0009984526972571794,0.0016792040374400408
2016-06-19,-0.01178676289663183,0.002036934371576704
2016-06-26,-0.015882164590875214,0.0005975107522642187
2016-07-03,0.03286728742043499,0.009969805637399132
2016-07-10,0.013005014191598052,0.0061632023965836336
2016-07-17,0.014954232804921919,-0.009894768417957556
2016-07-24,0.0065329003950205244,0.002141449507994553
2016-07-31,-0.0005524511080358119,0.004867924498628273
2016-08-07,0.0048823942082774074,-0.0056224881225510615
2016-08-14,0.0012832528945869726,0.0039275581037061524
2016-08-21,0.00036599853191643383,-0.0015415414208229672
2016-08-28,-0.005719833541814823,-0.0017810808174781867
2016-09-04,0.004970423075945751,0.0018558904344625482
2016-09-11,-0.023309195562743468,-0.005116406614166014
2016-09-18,0.005475455700162168,0.0004781807135842975
2016-09-25,0.0122792645988683,0.004184174541481678
2016-10-02,0.0014352682732705624,0.0016664060704498773
2016-10-09,-0.00582530751207988,-0.005584651286508424
2016-10-16,-0.008928419373810281,-0.002873938998397496
2016-10-23,0.004035382775370966,0.004443228395589749
2016-10-30,-0.006729567685446969,-0.006455374680498505
2016-11-06,-0.0187731555017564,0.0029271879149435076
2016-11-13,0.0377369186177845,-0.018994800676387924
2016-11-20,0.009610858041036341,-0.0068631258645119875
2016-11-27,0.013821435742857435,-0.001480610182318709
2016-12-04,-0.0083063465148423,-0.0004944143176989213
2016-12-11,0.03109059407422876,-0.001486789345070183
2016-12-18,-0.0006338391462855641,-0.005707125650472489
2016-12-25,0.002977305145779985,0.0040551638777395205
2017-01-01,-0.009658264923102955,0.006604003158444449
2017-01-08,0.016463062218283087,0.0019793592497172607
2017-01-15,-0.000704489762963334,0.0013596133053361825
2017-01-22,-0.0013649041461327727,-0.0030843108285012466
2017-01-29,0.009834973573838113,-0.00024698514340149025
2017-02-05,0.0016158140135857924,0.000962769906962091
2017-02-12,0.009462238779504695,0.0044608496685820676
2017-02-19,0.015463431551669293,-0.0006168212788224547
2017-02-26,0.0070185776060607274,0.006048033886843829
2017-03-05,0.00709657027098376,-0.00800940473448375
2017-03-12,-0.00306180577973747,-0.0059485880683360914
2017-03-19,0.0015614427731223124,0.004612727656412963
2017-03-26,-0.013374065522898881,0.004963830735493113
2017-04-02,0.008039307898073389,0.0012355554763294752
2017-04-09,-0.0022906230088516333,0.001532740142992317
2017-04-16,-0.011437288574345339,0.008021639582417306
2017-04-23,0.008946107285022542,0.0
2017-04-30,0.01487693752512853,-0.0015916957008969002
2017-05-07,0.0068045497591939785,-0.0017444937346584588
2017-05-14,-0.003003853739235618,0.0013530489495545694
2017-05-21,-0.0028034189443908453,0.005900815014986627
2017-05-28,0.014266796545836291,-0.00036633631540206046
2017-06-04,0.010177665977944006,0.005531838427117686
2017-06-11,-0.003112600316319214,-0.0026792803753771244
2017-06-18,0.0016977925010561723,0.003664740078533457
2017-06-25,0.002019391673865112,0.0010953894525072005
2017-07-02,-0.005470416808135092,-0.005106224140967175
2017-07-09,0.0012822832144014917,-0.0018532799732184913
2017-07-16,0.014249645303072045,0.0038116808776640365
2017-07-23,0.0053754208650962365,0.005511530097636719
2017-07-30,0.00012150417487077902,-0.0012185812065658164
2017-08-06,0.0020250363227105606,0.0038211657413627087
2017-08-13,-0.013297899635397736,0.002073873050117303
2017-08-20,-0.00577569208130424,0.0003658568925868355
2017-08-27,0.007622284030115223,0.0019469164115351045
2017-09-03,0.013411910069429656,0.0006526907218504796
2017-09-10,-0.005084043754642109,0.004501042161056734
2017-09-17,0.015600005368880066,-0.004965418151596679
2017-09-24,0.0010035092405573653,-0.001582238427380811
2017-10-01,0.007175816193818463,-0.0009749278266824035
2017-10-08,0.012498570352428073,-0.001736039069328621
2017-10-15,0.0022801609963822855,0.004899026851570953
2017-10-22,0.00847220268658222,-0.004388048704672798
2017-10-29,0.0023334606093061705,-0.0007343740779679475
2017-11-05,0.002871714899671529,0.004207254845152386
2017-11-12,-0.001392911563397603,-0.004645254559205725
2017-11-19,-0.00089132956164506,0.003315739617017588
2017-11-26,0.009695251081216494,0.0020815919386396597
2017-12-03,0.01574737751736688,-0.0016077644716491202
2017-12-10,0.003970640597297903,0.0007358390177378826
2017-12-17,0.00889685262148543,0.0024507531312727426
2017-12-24,0.003752038642355293,-0.0054999353727060996
2017-12-31,-0.002429708756387261,0.005063930923936866
2018-01-07,0.024582210648830927,-0.0038003749583500612
2018-01-14,0.01645842054198554,-0.0028306417085195434
2018-01-21,0.008959252235197113,-0.004442818897895107
2018-01-28,0.02200328857966638,0.0016120273947148878
2018-02-04,-0.0388370411299922,-0.008713624877502713
2018-02-11,-0.05064473656054069,-0.004379036838807471
2018-02-18,0.044398087693416244,0.0010054388414912907
2018-02-25,0.005858439578859009,-0.000878959487257136
2018-03-04,-0.020494352666844406,-0.0005659669072000106
2018-03-11,0.036383024480933335,-0.0006299096961900341
2018-03-18,-0.012807838103992886,0.002647386407405028
2018-03-25,-0.05889896696485275,-0.00012521466791659552
2018-04-01,0.019763800892563577,0.0051560399508672194
2018-04-08,-0.01303441997900645,-0.00012617042392415456
2018-04-15,0.020907017891323765,-0.0011289203823817706
2018-04-22,0.00550619955401821,-0.007660727092942743
2018-04-29,-0.0001873664131877284,-0.00012564611642351675
2018-05-06,-0.002025659563654414,0.0006073044575458653
2018-05-13,0.02567477835179033,0.0006337593833216637
2018-05-20,-0.005571102386322524,-0.004940867060642895
2018-05-27,0.0030223969715064136,0.007512274950002951
2018-06-03,0.0053279005759721,0.004160540052135175
2018-06-10,0.0167761070671828,-0.002781192090234419
2018-06-17,0.0006629642627440369,0.0006332159432567153
2018-06-24,-0.008624362697254084,0.0005072047996008688
2018-07-01,-0.01259324506075854,0.002912538281995447
2018-07-08,0.015260995214412265,0.003936574210381627
2018-07-15,0.015140322335621903,0.0006296395530267507
2018-07-22,0.00032173847230354546,-0.0026448575818190934
2018-07-29,0.006221513514815813,-0.001894922746531913
2018-08-05,0.007746459946173845,0.001738469381377561
2018-08-12,-0.00155145711560023,0.0027862493999393223
2018-08-19,0.006709933675290269,0.0022733190433801287
2018-08-26,0.008594599327551133,0.0018901457287789913
2018-09-02,0.009738904006195037,-0.00238973212147231
2018-09-09,-0.009334759323331387,-0.002932047128769044
2018-09-16,0.011404699195821433,-0.0017743849652974708
2018-09-23,0.008359993627059081,-0.0020311519862380445
2018-09-30,-0.004349291754419893,0.0012724114184237134
2018-10-07,-0.009975162454125663,-0.009514631800398132
2018-10-14,-0.04124129795895559,0.0033435151656833195
2018-10-21,0.0010870860073550759,-0.0024348970212022536
2018-10-28,-0.0395292534464492,0.004367874212484857
2018-11-04,0.02472396143715483,-0.006220875998662612
2018-11-11,0.021589550683651648,0.0023224133877395303
2018-11-18,-0.014508746014142537,0.00411993144973577
2018-11-25,-0.03828612149585586,0.0002560118049954596
2018-12-02,0.0471034931514418,0.0015387297446567416
2018-12-09,-0.0438235357658745,0.0078510797954503
2018-12-16,-0.011761542093379762,0.0017818905710196287
2018-12-23,-0.07050486174500914,0.0038121833279156636
2018-12-30,0.029289468598842516,0.0026396677079607578
2019-01-06,0.01872849370048124,0.0054420705430531235
2019-01-13,0.026110491294491833,-0.0013852022508030748
2019-01-20,0.028882665742939295,-0.0022682259129354065
2019-01-27,-0.0025523485245797506,0.0037896293502290845
2019-02-03,0.016103882769448408,0.005254471310837117
2019-02-10,0.001517924645798141,0.0031381617077106405
2019-02-17,0.02551135878290145,0.00012480254876368058
2019-02-24,0.006381401573851697,0.0007507326355671307
2019-03-03,0.0045853831510787035,-0.005207336697493292
2019-03-10,-0.02125370246794389,0.007935060511267134
2019-03-17,0.02947303575547422,0.0023744961386147345
2019-03-24,-0.007323393468755324,0.008976286356835006
2019-03-31,0.011566704656215787,0.0030897583543232354
2019-04-07,0.021558988254523292,-0.0030875612286525023
2019-04-14,0.005509634758361859,-0.0017345198589819866
2019-04-21,-0.00048242279921739684,-0.00012410954611397074
2019-04-28,0.011689214153211003,0.005336438753561268
2019-05-05,0.0021132566065968916,-0.000926402135649651
2019-05-12,-0.020167655547199792,0.0028482821254833812
2019-05-19,-0.007844854033270954,0.0029643494405864335
2019-05-26,-0.010705135331361415,0.0036942827847370463
2019-06-02,-0.026558174385476474,0.008955389914609091
2019-06-09,0.044974000293517724,0.0035715447456050597
2019-06-16,0.0055972126761805185,0.0007287808263314322
2019-06-23,0.021330232412152927,0.00448985274187641
2019-06-30,-0.003401574673129959,0.0036245222986865944
2019-07-07,0.018634788182675832,-0.0010374582981895752
2019-07-14,0.007337434561420109,-0.0030192354241910246
2019-07-21,-0.011574565178680718,0.003876958740248737
2019-07-28,0.016286780200562845,0.00012008101917104774
2019-08-04,-0.03109164750557525,0.009709273098756688
2019-08-11,-0.0034171565916040203,0.005869119254719557
2019-08-18,-0.009498765963886324,0.01024213754517267
2019-08-25,-0.01384819114495417,0.000706623083335689
2019-09-01,0.02668092906641717,0.002474453920432662
2019-09-08,0.019148580525644165,-0.0012012048192771019
2019-09-15,0.010199531761725611,-0.01780473872613464
2019-09-22,-0.004757937827582048,0.01068432679954423
2019-09-29,-0.009655084892496224,0.002138114815716241
2019-10-06,-0.0035546081649429073,0.00893093946221013
2019-10-13,0.006556559934550732,-0.010006729131743164
2019-10-20,0.005704348842514362,0.0005941849336597027
2019-10-27,0.012182572812248216,-0.001663479856033212
2019-11-03,0.015052718730072856,0.005176184953268326
2019-11-10,0.009146307375296203,-0.010207724382978567
2019-11-17,0.009224824701174805,0.005516447682193615
2019-11-24,-0.0026615902466262664,0.004173665016364847
2019-12-01,0.010772761997653202,0.001068965426226809
2019-12-08,0.0017817339598300563,-0.0016647946789848378
2019-12-15,0.007781222006758126,0.002620311263751063
2019-12-22,0.015715448259306042,-0.0029692857712010357
2019-12-29,0.006640978595564784,0.0027101917741385595
2020-01-05,-0.0013935316672392117,0.003453674932329509
2020-01-12,0.010235150135145643,-0.0007125581230477129
2020-01-19,0.019158081960829687,0.0016627263544590765
2020-01-26,-0.00957955005238198,0.006639427931919517
2020-02-02,-0.02141323186142796,0.007183819277991388
2020-02-09,0.03254264950303609,-0.0016053453007076612
2020-02-16,0.016255539342247216,0.0007040280229069218
2020-02-23,-0.012203994187330647,0.006333844617462114
2020-03-01,-0.11161071964557712,0.011188677420440829
2020-03-08,0.004050299779444488,0.01585674321424313
2020-03-15,-0.09460106187712047,-0.048203254663312545
2020-03-22,-0.14545722934601657,-0.018514728829076676
2020-03-29,0.10760469691284458,0.047341159854449755
2020-04-05,-0.020637416336878767,0.0010662354782227101
2020-04-12,0.12091523616567446,0.01768285261742375
2020-04-19,0.030338284392067427,0.0009141195711126482
2020-04-26,-0.012803900076070573,0.0001144613911474579
2020-05-03,-0.0006357688556090091,-0.0010969879176500053
2020-05-10,0.03412396563137943,-0.004009356106813966
2020-05-17,-0.021064071108055527,0.004600251121619436
2020-05-24,0.03199655071723595,0.0034349388028867
2020-05-31,0.030056782912896374,0.0030802051884595283
2020-06-07,0.04935605602753279,-0.004797723182104252
2020-06-14,-0.04737924112166825,0.005152824027188085
2020-06-21,0.019027162750273607,0.0025062880708317525
2020-06-28,-0.027831666411963663,0.002159586225519039
2020-07-05,0.04059313996027658,0.0035406453001447513
2020-07-12,0.017166852665693177,0.0022640479131021962
2020-07-19,0.013004179967026852,0.0035010487097597576
2020-07-26,-0.0026107015647873766,0.003601602042452301
2020-08-02,0.017576350527009232,0.003253119611672739
2020-08-09,0.02465395213642707,0.0008840784126542545
2020-08-16,0.006784713864601777,-0.011523965408673842
2020-08-23,0.007837821447923554,0.0047538692016519946
2020-08-30,0.032697038843251036,-0.006420590958628014
2020-09-06,-0.022847794445275182,0.0020728967309198154
2020-09-13,-0.024841565226150553,0.0020404209929425488
2020-09-20,-0.00624603049509842,-0.0007920637979412781
2020-09-27,-0.005806576359182358,-0.0013583128644557574
2020-10-04,0.015544761681004271,0.0003404516432117255
2020-10-11,0.03897061607934593,-0.0018161526506232928
2020-10-18,0.0012687346462416649,0.0014782959833563591
2020-10-25,-0.004348064723485812,-0.004201476628283074
2020-11-01,-0.05564241274058279,-0.0013680691967560277
2020-11-08,0.07233406964774858,0.0067594978067559985
2020-11-15,0.022675693043638034,-0.00227208824528069
2020-11-22,-0.007735290881044521,0.006376829089547176
2020-11-29,0.02347118053744368,-0.00011309557743066634
2020-12-06,0.016993267617848362,-0.004048256022483265
2020-12-13,-0.009598526943489616,0.0036416826047449558
2020-12-20,0.012158545885294414,-0.0010202476612027889
2020-12-27,-0.0004874896741429158,0.0022825510570496643
2021-01-03,0.013224964857416976,0.0020455981950544544
2021-01-10,0.0197388881567635,-0.010432166878742821
2021-01-17,-0.014583230870875319,0.0009165198526184248
2021-01-24,0.01911118801179934,0.00034366361072257767
2021-01-31,-0.03345720642044103,0.000572644585804527
2021-02-07,0.04766689054388351,-0.003791869394391134
2021-02-14,0.012715529523293911,-0.001380380144517801
2021-02-21,-0.006647340859104789,-0.0066791107448098685
2021-02-28,-0.02479289663814399,-0.003709359339549856
2021-03-07,0.00859713266307116,-0.008286154950752467
2021-03-14,0.027187696244236115,-0.005287349292144916
2021-03-21,-0.008385590935798493,-0.002598840698252447
2021-03-28,0.01668901297976544,0.004145002386564789
2021-04-04,0.011692344253218412,0.002508065001813664
2021-04-11,0.027158774373259087,0.0017687581750824855
2021-04-18,0.014022257425428064,0.0031785227599683274
2021-04-25,-0.00124642329684721,0.002698421153100483
2021-05-02,0.0013438686151245882,-0.0022233365681029182
2021-05-09,0.011550529101709728,0.0027137473781879695
2021-05-16,-0.013124358545350545,-0.003514564129642128
2021-05-23,-0.003936599947589436,0.0004699810630841572
2021-05-30,0.012290991719280386,0.0018803016760211566
2021-06-06,0.0060944100308488736,0.003101183530658247
2021-06-13,0.0040462925621143064,0.005036360065461043
2021-06-20,-0.018930838915220405,0.001164796803797552
2021-06-27,0.028174263133780908,-0.0041898441725753965
2021-07-04,0.016666298954371328,0.005519243810709895
2021-07-11,0.004149933759199698,0.0034924110811846987
2021-07-18,-0.009597544588792029,0.0013920406085072834
2021-07-25,0.019937794859245628,0.002432400763344944
2021-08-01,-0.0032504450595722822,0.0026584273578778017
2021-08-08,0.009076233349048834,-0.004433173656225087
2021-08-15,0.007751533459212201,0.0013913809285481804
2021-08-22,-0.005740904543767744,0.001621262691227976
2021-08-29,0.015540373524009388,-0.0003466453728345753
2021-09-05,0.006285411270745334,-0.0006373489576092517
2021-09-12,-0.016862129509653934,-0.00011542199506664463
2021-09-19,-0.005895292481259307,-0.00011574424476157308
2021-09-26,0.005686588358093436,-0.0038259754795652023
2021-10-03,-0.021783736295303613,-0.0022058780960036994
2021-10-10,0.00833634681451545,-0.00794274023968411
2021-10-17,0.018293591626623362,0.004120923307399993
2021-10-24,0.01626023126862819,-0.0038698794383713597
2021-10-31,0.013528503929087332,0.005061789923344939
2021-11-07,0.02020684850243093,0.00696803623366371
2021-11-14,-0.0026893942910894975,-0.007688653038737336
2021-11-21,0.0034670674791112965,0.0005870199349724547
2021-11-28,-0.02115633266139716,0.00046904948794224133
2021-12-05,-0.01209229151958724,0.006399305708462366
2021-12-12,0.03819856060178095,-0.0071196177937192795
2021-12-19,-0.01965928892194868,0.0035266085415666115
2021-12-26,0.023332820972961743,-0.0031563617094815255
2022-01-02,0.009264768246401323,-0.0009427166385798103
2022-01-09,-0.01867527565417959,-0.014041459183546157
2022-01-16,-0.0029394359586788488,-0.002991911165005745
2022-01-23,-0.05753991458232044,0.0009604454740355095
2022-01-30,0.009064375539429737,-0.003957639736085428
2022-02-06,0.015273263411364812,-0.010044146022618605
2022-02-13,-0.018364414014529373,-0.004385643329165578
2022-02-20,-0.01414412633821327,-0.002446614882640752
2022-02-27,0.008106126590003981,-0.002575656398974613
2022-03-06,-0.012746782635146059,0.008228021304686362
2022-03-13,-0.027998257355896894,-0.01820199551698254
2022-03-20,0.06149181119325475,-0.002363849629254733
2022-03-27,0.01837957707398541,-0.018209289640359394
2022-04-03,0.0005080223142264195,0.008226353057510627
2022-04-10,-0.011812232428618952,-0.019704676703093615
2022-04-17,-0.021851306518664848,-0.007086632578590435
2022-04-24,-0.026839343832858242,-0.009862014140906372
2022-05-01,-0.032954781579864756,-0.0014418437221965785
2022-05-08,-0.0016019459122317281,-0.010506160753220084
2022-05-15,-0.023386735930963964,0.009169150104088253
2022-05-22,-0.03009561240088776,0.005003801317790213
2022-05-29,0.0657802501073339,0.010482955225998403
2022-06-05,-0.011366342206932,-0.010668550795538967
2022-06-12,-0.050518864408048536,-0.016283912348986074
2022-06-19,-0.057361949967745574,-0.0076090776065076415
2022-06-26,0.06620040277686967,0.0065914017932926505
2022-07-03,-0.022661990756568384,0.013767124462407576
2022-07-10,0.01948904358803727,-0.01043498396623077
2022-07-17,-0.009108090851888462,0.00907657096309089
2022-07-24,0.025861504004418334,0.011640664376653342
2022-07-31,0.04277511624172026,0.005490918536848799
2022-08-07,0.0035922940697490358,-0.0097328001006185
2022-08-14,0.03296491812863134,0.003947471250992152
2022-08-21,-0.011613238890839539,-0.010616344757897744
2022-08-28,-0.03986825546354311,-0.003973910449067919
2022-09-04,-0.03224710816991816,-0.010698821343932297
2022-09-11,0.03661023648380102,-0.005388673917889997
2022-09-18,-0.04785080019851351,-0.009074525143066281
2022-09-25,-0.045673866493433746,-0.015855987893581114
2022-10-02,-0.029270365063436277,-0.009305711269783634
2022-10-09,0.015706356731570725,-0.00342799003684513
2022-10-16,-0.014222937143887782,-0.011420057734176758
2022-10-23,0.046584671563981495,-0.008841608399941636
2022-10-30,0.0393544394463583,0.015395455624852117
2022-11-06,-0.03256927380777197,-0.007193557393703198
2022-11-13,0.058881527068145534,0.02274657936801172
2022-11-20,-0.00622333965029731,0.003636521168762119
2022-11-27,0.015908049392725276,0.011289156905753828
2022-12-04,0.011383634680814936,0.015257508177258128
2022-12-11,-0.03349639498901946,-0.004625816196337396
2022-12-18,-0.02097748221911322,0.0072439470993697075
2022-12-25,-0.0009393136440435379,-0.013414274685942917
2023-01-01,-0.001253623423960737,-0.009513479766242283
2023-01-08,0.014774015433287158,0.02101898115051548
2023-01-15,0.026850302254055602,0.00845279789450859
2023-01-22,-0.006574659354246726,0.0013518669341647804
2023-01-29,0.02475497880668498,0.00026991549729404873
2023-02-05,0.01644141910203145,-5.837886420501093e-05
2023-02-12,-0.010452144736280311,-0.014071056216557132
2023-02-19,-0.0019116470036885103,-0.004528749418145961
2023-02-26,-0.02671528088271613,-0.008409070132920915
2023-03-05,0.019703464612397026,0.001583992982558735
2023-03-12,-0.045226270363198595,0.01099081411709113
2023-03-19,0.014429362479400965,0.014448661230098914
2023-03-26,0.014769431885878648,0.006104319696981886
2023-04-02,0.03446636986691609,-0.004584071976992399
2023-04-09,-0.0004886425845195275,0.010767181849524965
2023-04-16,0.007991290035598952,-0.010209075526467992
2023-04-23,-0.0006301690430764451,-0.002714779021530056
2023-04-30,0.00904896645118991,0.008165577783530553
2023-05-07,-0.007933998477368864,-0.001353402834827433
2023-05-14,-0.0025204057642695954,-0.0017610118056690105
2023-05-21,0.017080035501509716,-0.013574312752221318
2023-05-28,0.003344323505914071,-0.004816441370037561
2023-06-04,0.01880859446964256,0.007003066020125903
2023-06-11,0.004627105443770763,-0.0012392109935651652
2023-06-18,0.026034951835608444,0.0024812628937262993
2023-06-25,-0.014222118819190444,0.001100079942101484
2023-07-02,0.02324506217013922,-0.0016479566108099641
2023-07-09,-0.010670430845089118,-0.013875198825686663
2023-07-16,0.024467123603981067,0.014965096808195799
2023-07-23,0.006454706748053374,0.000688810501680237
2023-07-30,0.01048255998591352,-0.00454402353902672
2023-08-06,-0.0221263262622855,-0.005511079831710175
2023-08-13,-0.0025962544636272122,-0.006415620214142437
2023-08-20,-0.020531717865627575,-0.005194048888250369
2023-08-27,0.007949496261911326,0.003104247762652612
2023-09-03,0.02550175981553804,0.004432226685397556
2023-09-10,-0.012566742987049406,-0.002949196137521204
2023-09-17,-0.0013155378063935963,-0.0029580383287884926
2023-09-24,-0.02920804618784334,-0.00452022771094307
2023-10-01,-0.006830599593953157,-0.009791504971398801
2023-10-08,0.004819017997113706,-0.011610732118681466
2023-10-15,0.004563037803221315,0.009741327406776579
2023-10-22,-0.023893520809494917,-0.01670302354049591
2023-10-29,-0.0249531420783613,0.006296509356702229
2023-11-05,0.058464063433988356,0.018734091662113705
2023-11-12,0.013618846139805907,-0.0017193502054402288
2023-11-19,0.023104388843490087,0.013777349180939868
2023-11-26,0.010004666912234894,-0.0011325638257904114
2023-12-03,0.008346205254758932,0.020587410926365735
2023-12-10,0.0023960759738297366,0.000139061082842451
2023-12-17,0.02397395252839951,0.021999196932099174
2023-12-24,0.009204511463363207,0.0023280850000921838
2023-12-31,0.003504760911074989,0.0025899405762999095
2024-01-07,-0.015547749244432918,-0.010876794875643858
2024-01-14,0.01872116158052539,0.009759523034222228
2024-01-21,0.012062485104276766,-0.010754229834486262
2024-01-28,0.010322798118854282,0.00041266991818611487
2024-02-04,0.014238571603378158,0.007033698554302692
2024-02-11,0.01385656872870511,-0.008629646663873669
2024-02-18,-0.00337186002808032,-0.005112853013311325
2024-02-25,0.016696371383306152,0.002500038657417436
2024-03-03,0.009845306129127485,0.004749680893225028
2024-03-10,-0.002203364906785299,0.007467240033388389
2024-03-17,-0.0005977713393184869,-0.011528917415493889
2024-03-24,0.02232102947576675,0.007358797246712179
2024-03-31,0.0035685942593493003,0.0011024882385266555
2024-04-07,-0.00887075702879836,-0.010136079331889203
2024-04-14,-0.014620936669018314,-0.00669628014527468
2024-04-21,-0.030713466344205687,-0.005758390319156592
2024-04-28,0.026456088002531297,-0.0008478792982089534
2024-05-05,0.005961447742384607,0.01182981307701736
2024-05-12,0.018678217403790276,0.00042037752949375395
2024-05-19,0.0165311478101835,0.006024148513438465
2024-05-26,-1.8893738544245586e-05,-0.001949424599770433
2024-06-02,-0.003910014980656018,-0.0004185005270900266
2024-06-09,0.012590895020985426,0.004186412558156993
2024-06-16,0.01642293272409301,0.013106859968772477
2024-06-23,0.0064236836821871535,-0.001926830825451309
2024-06-30,-0.0005324243816031693,-0.006481134392117172
2024-07-07,0.019146455653833216,0.00794920657783793
2024-07-14,0.009645795364912502,0.008011215090627966
2024-07-21,-0.019643243268508415,-0.0035626619124131675
2024-07-28,-0.008287740299232293,0.003025442236947562
2024-08-04,-0.0211958927999919,0.02327093994074869
2024-08-11,0.000168633373854421,-0.007525739775921081
2024-08-18,0.04000076234689187,0.005416384712928712
2024-08-25,0.014107814308496947,0.006734171772924569
2024-09-01,0.00275727763982081,-0.0052175488851819996
2024-09-08,-0.04137092316196789,0.012356067734173637
2024-09-15,0.04006573787885781,0.005196508633024788
2024-09-22,0.014204272647696303,-0.0018558223690382514
2024-09-29,0.005666663641763714,-0.0002657801853093167
2024-10-06,0.0026421680585440033,-0.012103562087897424
2024-10-13,0.011518871759517602,-0.004450674525787401
2024-10-20,0.008644111165769353,0.00027108025316069373
2024-10-27,-0.009493797679551275,-0.009209067731154708
2024-11-03,-0.013816030114256805,-0.005370284176244078
2024-11-10,0.04754479444808446,0.007581687572582485
2024-11-17,-0.020795995097733777,-0.008345871815409911
2024-11-24,0.016662438115005118,0.0015177271400159675
2024-12-01,0.011821724735304295,0.013913991600986941
2024-12-08,0.008729604963799709,0.004538056999665807
2024-12-15,-0.005922903310218497,-0.014109255625317063
2024-12-22,-0.01832208134500679,-0.006329891879646943
2024-12-29,0.006529545888764865,-0.003143520459342297
2025-01-05,-0.015008040690796975,0.002230037457730427
